matrix_size,threads,time_seconds
256,1,0.065982
256,2,0.039765
256,4,0.030822
256,8,0.029661
256,16,0.019346
512,1,0.557731
512,2,0.235462
512,4,0.168394
512,8,0.137223
512,16,0.203762
1024,1,3.542738
1024,2,1.887919
1024,4,1.440343
1024,8,1.200122
1024,16,1.146329
2048,1,27.887188
2048,2,16.496144
2048,4,10.477728
2048,8,10.023226
2048,16,10.272730
