matrix_size,threads,time_seconds
256,1,0.055897
256,2,0.028700
256,4,0.025242
256,8,0.019045
256,16,0.019962
512,1,0.454597
512,2,0.245501
512,4,0.177705
512,8,0.126661
512,16,0.127419
1024,1,3.650841
1024,2,2.052733
1024,4,1.505544
1024,8,1.299008
1024,16,1.195249
2048,1,27.951240
2048,2,15.711701
2048,4,11.677630
2048,8,14.524720
2048,16,12.224915
