matrix_size,threads,time_seconds
256,1,0.097309
256,2,0.046741
256,4,0.041945
256,8,0.042933
256,16,0.041434
512,1,0.747614
512,2,0.470262
512,4,0.392224
512,8,0.440041
512,16,0.393055
1024,1,10.484382
1024,2,4.583175
1024,4,5.650140
1024,8,3.984191
1024,16,4.084936
2048,1,110.114178
2048,2,47.689332
2048,4,57.444962
2048,8,58.594207
2048,16,47.505345
