matrix_size,threads,time_seconds
256,1,0.050301
256,2,0.028114
256,4,0.025987
256,8,0.018442
256,16,0.018671
512,1,0.417024
512,2,0.213736
512,4,0.127480
512,8,0.119559
512,16,0.122821
1024,1,3.617065
1024,2,1.986504
1024,4,1.693394
1024,8,1.168616
1024,16,1.219815
2048,1,27.176518
2048,2,15.593544
2048,4,10.093004
2048,8,9.758064
2048,16,9.758657
