matrix_size,threads,time_seconds
256,1,0.071607
256,2,0.042279
256,4,0.036578
256,8,0.036095
256,16,0.026306
512,1,0.486207
512,2,0.298078
512,4,0.207371
512,8,0.148109
512,16,0.138034
1024,1,3.700731
1024,2,2.939118
1024,4,1.852669
1024,8,1.731193
1024,16,1.474360
2048,1,45.496422
2048,2,26.054986
2048,4,18.380347
2048,8,12.840350
2048,16,12.767199
