matrix_size,threads,time_seconds
256,12,0.012405
512,12,0.061275
1024,12,0.508576
2048,12,3.084841
