matrix_size,threads,time_seconds
256,1,0.000749
256,2,0.000670
256,4,0.000648
256,8,0.001635
256,16,0.001840
512,1,0.001657
512,2,0.001669
512,4,0.001008
512,8,0.001344
512,16,0.001788
1024,1,0.005527
1024,2,0.002882
1024,4,0.002788
1024,8,0.002834
1024,16,0.002690
2048,1,0.023088
2048,2,0.016058
2048,4,0.010620
2048,8,0.009276
2048,16,0.011222
