matrix_size,threads,time_seconds
256,1,0.000767
256,2,0.000745
256,4,0.000646
256,8,0.001110
256,16,0.001979
512,1,0.001000
512,2,0.000655
512,4,0.001058
512,8,0.001565
512,16,0.001954
1024,1,0.003866
1024,2,0.002749
1024,4,0.001883
1024,8,0.002600
1024,16,0.002593
2048,1,0.007898
2048,2,0.005851
2048,4,0.004768
2048,8,0.005165
2048,16,0.005331
