matrix_size,threads,time_seconds
256,1,0.000843
256,2,0.000679
256,4,0.000875
256,8,0.000580
256,16,0.001258
512,1,0.002351
512,2,0.001201
512,4,0.001046
512,8,0.001225
512,16,0.001451
1024,1,0.007901
1024,2,0.004290
1024,4,0.003675
1024,8,0.004315
1024,16,0.004474
2048,1,0.031154
2048,2,0.016013
2048,4,0.014222
2048,8,0.014372
2048,16,0.014534
