matrix_size,threads,time_seconds
256,1,0.001257
256,2,0.001395
256,4,0.000964
256,8,0.001860
256,16,0.003079
512,1,0.002561
512,2,0.001688
512,4,0.001623
512,8,0.001991
512,16,0.003757
1024,1,0.019745
1024,2,0.005385
1024,4,0.004227
1024,8,0.003911
1024,16,0.003909
2048,1,0.099665
2048,2,0.050509
2048,4,0.016409
2048,8,0.014209
2048,16,0.015608
