matrix_size,threads,time_seconds
256,1,0.001058
256,2,0.000774
256,4,0.001240
256,8,0.002051
256,16,0.002062
512,1,0.004926
512,2,0.002687
512,4,0.003505
512,8,0.004295
512,16,0.004936
1024,1,0.017347
1024,2,0.008487
1024,4,0.007791
1024,8,0.008114
1024,16,0.013268
2048,1,0.099031
2048,2,0.058336
2048,4,0.035216
2048,8,0.036451
2048,16,0.043370
