matrix_size,threads,time_seconds
256,8,0.000970
512,8,0.003154
1024,8,0.003084
2048,8,0.009685
