matrix_size,threads,time_seconds
256,12,0.001275
512,12,0.002722
1024,12,0.001926
2048,12,0.005952
