matrix_size,threads,time_seconds
256,1,0.001047
256,2,0.000930
256,4,0.000707
256,8,0.000706
256,16,0.000916
512,1,0.004131
512,2,0.001599
512,4,0.001618
512,8,0.001867
512,16,0.001821
1024,1,0.026093
1024,2,0.007631
1024,4,0.007936
1024,8,0.008410
1024,16,0.008608
2048,1,0.128945
2048,2,0.058304
2048,4,0.064461
2048,8,0.037154
2048,16,0.038687
