matrix_size,threads,time_seconds
256,1,0.000907
256,2,0.000619
256,4,0.000814
256,8,0.001550
256,16,0.001691
512,1,0.002598
512,2,0.001446
512,4,0.001518
512,8,0.001735
512,16,0.001888
1024,1,0.023316
1024,2,0.005803
1024,4,0.004910
1024,8,0.005005
1024,16,0.004082
2048,1,0.110814
2048,2,0.070649
2048,4,0.034533
2048,8,0.017556
2048,16,0.015869
