matrix_size,threads,time_seconds
256,1,0.000565
512,1,0.002318
1024,1,0.007947
2048,1,0.028815
