matrix_size,threads,time_seconds
256,1,0.000474
512,1,0.001190
1024,1,0.004378
2048,1,0.017404
