matrix_size,threads,time_seconds
256,1,0.000386
512,1,0.002527
1024,1,0.021518
2048,1,0.114158
