matrix_size,threads,time_seconds
256,1,0.000567
512,1,0.002674
1024,1,0.017051
2048,1,0.097930
