matrix_size,threads,time_seconds
256,1,0.000288
512,1,0.001739
1024,1,0.021261
2048,1,0.104378
