matrix_size,threads,time_seconds
256,1,0.000365
512,1,0.001238
1024,1,0.003628
2048,1,0.016581
