matrix_size,threads,time_seconds
256,1,0.000359
512,1,0.000958
1024,1,0.003365
2048,1,0.019421
