matrix_size,threads,time_seconds
256,1,0.000418
512,1,0.002509
1024,1,0.010248
2048,1,0.059506
