matrix_size,threads,time_seconds
256,1,0.000614
512,1,0.003613
1024,1,0.012265
2048,1,0.071949
