matrix_size,threads,time_seconds
256,1,0.061406
512,1,0.572938
1024,1,4.806449
2048,1,34.001491
