matrix_size,threads,time_seconds
256,1,0.063731
512,1,0.481401
1024,1,4.113718
2048,1,33.576317
