matrix_size,threads,time_seconds
256,1,0.061015
512,1,0.491530
1024,1,4.384772
2048,1,38.182846
