matrix_size,threads,time_seconds
256,1,0.058774
512,1,0.546493
1024,1,4.176837
2048,1,35.729299

