matrix_size,threads,time_seconds
256,1,0.071258
512,1,0.617036
1024,1,4.246771
2048,1,36.726582
