matrix_size,threads,time_seconds
256,1,0.071123
512,1,0.581433
1024,1,4.451249
2048,1,63.664693
