matrix_size,threads,time_seconds
256,1,0.092619
512,1,0.702457
1024,1,10.278251
2048,1,98.498771
