matrix_size,threads,time_seconds
256,1,0.021889
512,1,0.094166
1024,1,0.740806
2048,1,7.138132
