matrix_size,threads,time_seconds
256,1,0.049890
512,1,0.402845
1024,1,3.411545
2048,1,25.644392
